{"name":"노가다 목장갑","required":{"level":10,"str":0,"dex":0,"intel":0,"luk":0,"pop":0},"job":{"common":true,"warrior":false,"bowman":false,"magician":false,"thief":false},"category":"GLOVES","status":{"str":{"normal":0,"lower":0,"upper":0},"dex":{"normal":0,"lower":0,"upper":0},"intel":{"normal":0,"lower":0,"upper":0},"luk":{"normal":0,"lower":0,"upper":0},"phyAtk":{"normal":0,"lower":0,"upper":0},"mgAtk":{"normal":0,"lower":0,"upper":0},"phyDef":{"normal":2,"lower":0,"upper":0},"mgDef":{"normal":0,"lower":0,"upper":0},"hp":{"normal":0,"lower":0,"upper":0},"mp":{"normal":0,"lower":0,"upper":0},"acc":{"normal":0,"lower":0,"upper":0},"avo":{"normal":0,"lower":0,"upper":0},"move":{"normal":0,"lower":0,"upper":0},"jump":{"normal":0,"lower":0,"upper":0}},"viewCount":22068,"attackSpeed":"NONE","upgradableCount":5,"knockBackPercent":0}