[{"commentId":2697,"name":"3","content":"농협 356-1493-0630-13 돈 빌려 주세요","createdDate":"2024-07-01T03:06:49.352034"},{"commentId":2612,"name":"노가다목공소","content":"ez","createdDate":"2024-06-28T11:02:46.384186"},{"commentId":2588,"name":"완두련ㅋㅋ","content":"여기저기 다 10퍼 완작해놌네 매크로 ","createdDate":"2024-06-27T17:02:29.235017"},{"commentId":2564,"name":"빵호초기화","content":"초기화하소","createdDate":"2024-06-25T16:35:54.743537"},{"commentId":2562,"name":"빵호","content":"ez","createdDate":"2024-06-25T15:34:29.227937"},{"commentId":2558,"name":"ㅋ","content":"12노목 1분만에 성공","createdDate":"2024-06-25T10:49:54.802377"},{"commentId":2421,"name":"누자베스","content":"공10노목 1트 성공","createdDate":"2024-06-17T13:47:46.274449"},{"commentId":2171,"name":"전반숙","content":"우왕 띄웠다","createdDate":"2024-06-09T14:38:32.025594"},{"commentId":2169,"name":"관리자","content":"매크로 사용이 감지되어 기록이 초기화되었습니다.","createdDate":"2024-06-09T06:15:03.197046"},{"commentId":1874,"name":"관제 하자","content":"rhkswp\n","createdDate":"2024-05-08T09:40:32.23305"},{"commentId":1865,"name":"메럔투프리","content":"공10 첫성공@@@@@","createdDate":"2024-05-04T23:29:12.876033"},{"commentId":1567,"name":"ㅇㅇ","content":"메랜에서 띄우는 새끼들은 어떻게 된 새끼들이야","createdDate":"2024-04-20T19:48:31.798675"},{"commentId":1557,"name":"레고대머리","content":"zz\n","createdDate":"2024-04-17T00:46:28.84794"},{"commentId":1553,"name":"찢죄명","content":"찢죄명","createdDate":"2024-04-11T22:57:52.923668"},{"commentId":1493,"name":"애***","content":"15노목 ㅋㅋㅋ","createdDate":"2024-03-30T15:17:16.946653"},{"commentId":1485,"name":"ㅇㄹ","content":"zzz","createdDate":"2024-03-28T19:22:53.463551"},{"commentId":1484,"name":"zl존주술사","content":"ㅋㅋ","createdDate":"2024-03-28T19:21:53.808775"},{"commentId":1481,"name":"라온","content":"이거 사이트에 강화하고 남은 공 몇짜리 장갑리스트 만들어지면 좋겠음","createdDate":"2024-03-28T12:54:33.073363"},{"commentId":1476,"name":"엄태한","content":"과즙세연 파이팅!","createdDate":"2024-03-27T01:00:36.068053"},{"commentId":1449,"name":"래고","content":"공15노목 성공 ㅋㅋㅋㅋㅋㅋㅋㅋㅋㅋㅋ","createdDate":"2024-03-20T22:00:21.290167"}]